denom_threshold_min_pop_65p,q1_cut,q2_cut,q3_cut
1000,5.360283468661384,7.4183976261127595,10.103139207605963
